michaelstuart8377@hotmail.com|michaelstuart8377@hotmail.com
gq3jjp2@qiott.com|gq3jjp2@qiott.com
gq3jjp2@qiott.com|gq3jjp2@qiott.com
u0tpebsh1@bheps.com|vmu0tpebsh1@bheps.com
8fk408ehj6s@kzccv.com|8fk408ehj6s@kzccv.com
xpn12n34npyk@kzccv.com|xpn12n34npyk@kzccv.com
xpn12n34npyk@kzccv.com|xpn12n34npyk@kzccv.com
barbaramcdonald3131@zoho.com|barbaramcdonald3131@zoho.com
jesusmims9991@hotmail.com|jesusmims9991@hotmail.com
goodieidaeqydb@gmail.com|goodieidaeqydb@gmail.com
gockelorphaameggf@gmail.com|goeppnersterlingggsq@gmail.comgoodieidaeqydb@gmail.com|goodieidaeqydb@gmail.com
jesusmims9991@hotmail.com|jesusmims9991@hotmail.com
barbaramcdonald3131@zoho.com|barbaramcdonald3131@zoho.com
barbaramcdonald3131@zoho.com|barbaramcdonald3131@zoho.com
