tamarahouse3783@Hotmail.com|tamarahouse3783@Hotmail.com
kimroberson8965@Hotmail.com|kimroberson8965@Hotmail.com
seandubuque7437@Gmail.com|seandubuque7437@Gmail.com
richardsanders6846@Hotmail.com|richardsanders6846@Hotmail.com
judydavis6277@Gmail.com|judydavis6277@Gmail.com
dudleykreiman7485@Hotmail.com|dudleykreiman7485@Hotmail.com
marjorieshehee8113@Hotmail.com|marjorieshehee8113@Hotmail.com
phyllismaurer4415@Zoho.com|phyllismaurer4415@Zoho.com
lauraprobst4016@Gmail.com|lauraprobst4016@Gmail.com
dorthywooten6430@Outlock.com|dorthywooten6430@Outlock.com
rhondarausch8707@Hotmail.com|rhondarausch8707@Hotmail.com
eduardogarcia9887@Gmail.com|eduardogarcia9887@Gmail.com
mariacarreras7419@Zoho.com|mariacarreras7419@Zoho.com
joycekilcrease4040@Outlock.com|joycekilcrease4040@Outlock.com
ronaldhales5167@Hotmail.com|ronaldhales5167@Hotmail.com
robertmann3955@Hotmail.com|robertmann3955@Hotmail.com
barryellingham7418@Zoho.com|barryellingham7418@Zoho.com
johnduke2927@Zoho.com|johnduke2927@Zoho.com
alicemccoy3421@Outlock.com|alicemccoy3421@Outlock.com
hienvega7538@Outlock.com|hienvega7538@Outlock.com
billieharris6348@Hotmail.com|billieharris6348@Hotmail.com
chelseabossert4583@Outlock.com|chelseabossert4583@Outlock.com
sheilapeterson6663@Gmail.com|sheilapeterson6663@Gmail.com
sarahogden3171@Outlock.com|sarahogden3171@Outlock.com
oscarwhite6328@Hotmail.com|oscarwhite6328@Hotmail.com
travistemple7077@Zoho.com|travistemple7077@Zoho.com
barbarademetro8850@Hotmail.com|barbarademetro8850@Hotmail.com
vincenthall2951@Gmail.com|vincenthall2951@Gmail.com
evelynauvil4635@Zoho.com|evelynauvil4635@Zoho.com
christopherhaggins8817@Outlock.com|christopherhaggins8817@Outlock.com
sherrihill2165@Gmail.com|sherrihill2165@Gmail.com
beckywoodlin2932@Outlock.com|beckywoodlin2932@Outlock.com
debbietaylor1901@Hotmail.com|debbietaylor1901@Hotmail.com
christinagould3107@Gmail.com|christinagould3107@Gmail.com
joemoreno5778@Hotmail.com|joemoreno5778@Hotmail.com
tracymoore8494@Zoho.com|tracymoore8494@Zoho.com
ruthtriplett8659@Hotmail.com|ruthtriplett8659@Hotmail.com
clarissapounds8940@Zoho.com|clarissapounds8940@Zoho.com
violacreed8046@Gmail.com|violacreed8046@Gmail.com
violacreed8046@Gmail.com|violacreed8046@Gmail.com
elizalala8679@Hotmail.com|elizalala8679@Hotmail.com
johnbrown8086@Outlock.com|johnbrown8086@Outlock.com
andrewdove9204@Hotmail.com|andrewdove9204@Hotmail.com
robertlewis4194@Hotmail.com|robertlewis4194@Hotmail.com
rosscole5560@Outlock.com|rosscole5560@Outlock.comronaldbarger8840@Outlock.com|ronaldbarger8840@Outlock.com
elizabethlance8854@Hotmail.com|elizabethlance8854@Hotmail.com
amystay6341@Gmail.com|amystay6341@Gmail.com
amystay6341@Gmail.com|amystay6341@Gmail.com
vondaphelps3271@Hotmail.com|vondaphelps3271@Hotmail.com
opaljones7990@Zoho.com|opaljones7990@Zoho.com
harrysmall6637@Gmail.com|harrysmall6637@Gmail.com
christinebinger2687@Hotmail.com|christinebinger2687@Hotmail.com
glennodell8662@Gmail.com|glennodell8662@Gmail.com
jamesneumann9650@Zoho.com|jamesneumann9650@Zoho.com
dalilagarrett8073@Outlock.com|dalilagarrett8073@Outlock.com
veronicagarcia2190@Outlock.com|veronicagarcia2190@Outlock.com
velmabroadbent7318@Gmail.com|velmabroadbent7318@Gmail.com
scotthoffman8629@Hotmail.com|scotthoffman8629@Hotmail.com
henrysmith2182@Hotmail.com|henrysmith2182@Hotmail.com
guymittler7665@Zoho.com|guymittler7665@Zoho.com
patriciavann1919@Outlock.com|patriciavann1919@Outlock.com
patrickwright9348@Outlock.com|patrickwright9348@Outlock.com
graceharris6294@Outlock.com|graceharris6294@Outlock.com
frankferrin7265@Hotmail.com|frankferrin7265@Hotmail.com
rubyaguilar9688@Zoho.com|rubyaguilar9688@Zoho.com
stefaniereid7600@Outlock.com|stefaniereid7600@Outlock.com
sherrycooke1897@Gmail.com|sherrycooke1897@Gmail.com
williamwilliams6309@Hotmail.com|williamwilliams6309@Hotmail.com
