alexhuges7358@Outlock.com|alexhuges7358@Outlock.com
claytonbohannon3970@Zoho.com|claytonbohannon3970@Zoho.com
irenetullio1449@Zoho.com|irenetullio1449@Zoho.com
thomaslowry9478@Zoho.com|thomaslowry9478@Zoho.comtombarnett4293@Outlock.com|tombarnett4293@Outlock.com
wallacelevesque2004@Gmail.com|wallacelevesque2004@Gmail.com
bobbiepopesp67039@outlook.com|bobbiepopesp67039@outlook.com
helenwilsonsp78441@Outlouk.ru|helenwilsonsp78441@Outlouk.ru
monicadingesssp38820@hotmail.com|monicadingesssp38820@hotmail.com
monicadingesssp38820@hotmail.com|monicadingesssp38820@hotmail.com
malawyflorriermrlqbl@gmail.com|malawyflorriermrlqbl@gmail.com
hildegardejeavonsblowlc@gmail.com|hildegardejeavonsblowlc@gmail.com
