michaelstuart8377@hotmail.com|michaelstuart8377@hotmail.com
ruthanklam4945@Hotmail.com|ruthanklam4945@Hotmail.com
dorissimpson1327@Zoho.com|dorissimpson1327@Zoho.com
jeanneleftwich3974@Outlock.com|jeanneleftwich3974@Outlock.com
lindalittle4134@Zoho.com|lindalittle4134@Zoho.com
lisaspicer1404@Hotmail.com|lisaspicer1404@Hotmail.com
shareereese2081@Gmail.com|shareereese2081@Gmail.com